2.824640531922097408e-01,-1.069879798461075504e+00,-7.393180946165375245e-01,-2.162273865601216094e-01,2.327394523746683097e-01,-6.929640467793787284e-01,-6.830895139107653891e-02,5.716956498441956303e-01,-2.495811297596979283e+00,1.730551169227197317e+00,-1.993052010791997120e+00,-1.110960671202432470e+00,1.210322813917061868e+00,-6.013612918597668333e-01,-2.357578706437845339e-01,-2.276558137084796485e+00,3.017336365711640322e-01,-1.538969654760093064e+00,3.925375921072416507e-01,-4.081751737899846355e-01,2.174235629513132928e-01
-1.040477192658330746e-01,8.994648337985708952e-01,-6.961043479052193839e-02,1.601358009710680319e+00,-8.088498746175512566e-02,-1.235312231054591869e+00,-1.341002974538520576e+00,3.126188604773246227e-01,-1.285233042573609596e+00,-2.232699559378123144e+00,1.557830593399937846e-01,9.061682127181456270e-01,-7.167396069677118842e-01,8.788408573953611080e-01,-1.286064894597036101e+00,9.867435048006709675e-01,-1.543303118653220674e+00,-9.687074318772011250e-02,-8.921170245140308541e-01,-1.831056096052494087e-01,-9.126595610064584807e-02
1.411950567631125308e-01,1.022047121933268056e-02,1.847426892657386244e+00,3.514315968105839044e-02,1.533759757843475624e+00,-1.223573846276889698e+00,7.009044512643533009e-01,9.598530983172324227e-01,-2.207377443487707147e+00,1.469174835931744250e+00,-7.035939513714423166e-01,1.814092331212481257e+00,-5.615141500254133833e-01,-1.634118199055764276e+00,-6.667857823493669733e-02,-1.401650178236564515e-01,-1.405464391417073911e+00,6.188965207878457386e-01,-1.156113381728826328e-01,4.856664948345331689e-01,-5.579061168721675124e-01
1.582826985273253217e-01,2.035748686388537954e-01,-6.507225173528601303e-01,3.399655546088073410e-01,9.265453654595374733e-01,4.377337660100550365e-01,5.882175178929130999e-01,-1.363158646645588334e-01,1.146488660178711649e+00,-3.673096929759256946e-01,1.837904200030444635e-01,-3.726719901207134478e-01,9.750127085581926645e-01,1.763787525003128298e+00,1.096411631471468029e+00,9.463042411133431031e-01,9.406426381996131347e-01,5.984915679681216405e-01,-1.145213163626921604e+00,-6.315858535748606339e-01,-1.456758121377643711e+00
2.799475600601302183e-01,6.544012229848700235e-01,2.412545584726375758e-01,1.109025932629509326e+00,1.025885445437794141e+00,4.930779123598011959e-01,-7.836616863785702547e-01,2.890090561566062366e+00,-6.177034640208400873e-01,-5.744136825638062049e-01,6.946199182656155324e-01,6.616798965608233773e-01,-6.662749664208047484e-01,-3.057660367371368149e-01,1.893364527573091705e+00,-4.126062988408258358e-01,-6.083053727632992125e-01,-2.174507459545836241e+00,1.979693300603582840e+00,-1.345632000472715806e+00,-8.883906416700175779e-01
-1.951159857417996246e+00,1.678984469510196087e+00,-4.189779500890105646e-01,-4.015703732216894251e-01,3.279065738418839859e-01,-4.482445610786804369e-01,-1.020283292318164614e+00,-2.939815735547612885e-01,-6.829786291429683631e-01,1.552581053642958786e-01,4.144751704553599758e-01,5.626819593051265445e-01,1.215664073135572926e-01,2.432162981009963407e-02,8.776730790752248490e-01,7.880349397471045902e-01,1.100176940242198365e+00,6.997361465932881719e-02,-1.096836261698689530e+00,1.939422074808513086e-01,2.763723001599169282e-01
-1.558520895866108757e+00,5.059710220318641705e-01,3.581053286392927443e-02,-7.828674938046700227e-01,-2.735995229775557425e-01,-1.003876291402748588e+00,1.129197318807588224e-01,-4.452199541105174574e-01,7.713269431271786436e-01,-1.739015063037709086e-01,1.357427349476450607e+00,-1.637866064838363167e+00,-9.850789649272484461e-01,1.037415515143916611e+00,-1.479282140711394578e-01,-4.882760274822428026e-01,-9.865035397710770759e-01,-1.557806781356668724e-01,1.571251331340308699e+00,-2.087392545005137823e+00,3.998674663242746119e-02
8.513391950272699432e-03,2.978550956451536114e-01,1.406757375510137853e-01,-1.427826798847505296e+00,-6.879730233435521480e-01,7.272400010096519152e-02,-9.586631857067993145e-01,-1.439669085433223028e+00,-5.258401736214222133e-01,-6.809978734037016590e-01,-1.252721210699962208e-02,-5.069639208803519148e-01,1.714768800414626426e+00,-7.282678267722415555e-01,1.026747115040352876e+00,2.114693088011206923e-01,-7.330637715970921009e-02,1.465031362450812669e+00,-5.284122120010689150e-01,1.164686796446578132e+00,6.711503020395834795e-01
1.345666615837196219e-02,-6.796507626725093454e-01,1.121515142883273281e-01,3.410670479759951856e-01,-8.898972758697163421e-01,6.536570787571248653e-01,5.480258004327085430e-01,6.700345181551417006e-01,-1.846062492905788111e-01,-1.179037979301393646e+00,-1.520143838637137979e-01,-5.268460865960494788e-01,7.445834773439755638e-01,-3.416349845675363817e-01,8.900764195527298694e-01,1.713613787622633999e-01,1.151080510307023852e+00,-6.003473965421650682e-01,3.194254615060476699e-01,5.851018745027855017e-01,2.182363768206902144e+00
-7.201584274164869737e-02,1.141069890670969755e+00,3.920222802587201572e-01,-4.657390651908953627e-01,-2.458573552791786021e+00,6.617559192257748135e-01,1.535834282124850514e+00,1.043572123041510924e+00,-5.816646427027372113e-01,8.416151815914304501e-01,1.399199634594355146e+00,3.410553797831611389e-01,1.527207235749613867e-01,1.055605778453263977e+00,-5.185178777794732241e-01,-1.131827772766817786e+00,-3.149955558374021858e-01,-3.090862513396587796e-01,-1.583455934347235416e+00,-8.271268607913861981e-01,-2.888928331939252803e-01
1.432204205290937171e+00,1.684526983499325947e+00,7.166009418182976987e-01,-7.169768114248691315e-01,1.107046055713396093e+00,-1.192844199910081532e-01,-8.444251275880951813e-01,1.179930612710760496e+00,6.771189930032860405e-01,-3.565053426666762726e-01,-1.577640107122671775e+00,4.581374782862724371e-01,6.094918350165632465e-02,1.501968714716687969e-01,-6.546026319016969852e-01,-4.930726925045694764e-01,-7.572274009025719010e-01,1.973818105755650976e+00,1.988128531300384638e-01,3.680789496923939086e-01,-5.792244982610309512e-01
7.797957689697689876e-01,-1.342075363191034820e-01,1.311707881996905911e+00,-2.263449093193775075e-01,-4.459578611164442541e-01,2.713614764579175831e-01,4.533058128118413466e-01,4.955248854530968639e-01,-1.918231356380152963e+00,5.499045939089333146e-01,-8.844175096040440831e-02,-7.067212412539159994e-01,-1.760606663244880021e+00,-3.065131816590298541e-01,2.286982182656009499e+00,7.720128389279242720e-01,4.543068079640956713e-01,9.164300329125067701e-03,-2.599402380920104449e-01,1.239941982478396820e+00,5.050986382982365352e-01
-1.915928907501287803e-01,2.160673260012274666e-01,-1.871067432704827116e+00,4.306422681880623382e-01,-4.369367833968320625e-01,1.181383273449525095e+00,7.000735053827107368e-01,-5.315698578286119635e-02,4.088573441536387798e-01,-1.691626265967343556e+00,-3.624436460664063886e-01,8.073084534130724466e-01,-1.216247488325134407e+00,8.222162893355623448e-01,1.985121749328590646e+00,-7.557623748416549825e-01,1.004712536276219925e+00,4.760314635664453231e-01,-8.783455743880865807e-01,-1.045968665793548968e+00,-6.022827687591063572e-01
-3.903440930804776277e-01,-1.061948316530577779e-01,1.171325631662219591e+00,1.764922398236934975e-01,-3.079097178258239365e-01,-7.944454777661556777e-02,-8.244135434263776263e-01,-9.842572023342981424e-01,-9.886677022320221608e-01,-9.405841552375541204e-01,-1.011754810056756826e+00,9.584777520515024296e-01,-9.966950621068993987e-01,4.952670706917672860e-01,-1.184520138878518147e-01,-1.027971278467196381e+00,-1.311710782093086669e+00,-8.716236049470065250e-01,1.447463613296285034e+00,-2.673461195660956857e+00,1.039539779390228569e+00
4.286750085026780899e-01,-5.361247716705530575e-01,-2.346101328311210599e-01,-4.970149269909307499e-01,-2.626313238246229087e+00,1.279593754807756834e-01,2.338002375758937157e-01,-4.394426326491733259e-01,-3.664376716018394320e-01,4.996265755819581100e-01,4.975888940126365068e-01,2.014964452839810960e+00,-1.346380542382634438e-01,6.945248351868744674e-01,-1.138443457346312249e+00,8.095240137653748891e-02,9.376626098074746229e-01,-8.266730408247452422e-01,7.160686178404390700e-02,-2.834303950299499886e-01,1.415194517283844045e+00
-8.189433240485920473e-01,-1.205399070421437679e+00,-5.497578601543018362e-01,2.332169510709848348e-01,7.427888433543446967e-01,1.594381086125735258e+00,8.324478720283026156e-01,9.410735467750822592e-01,-3.739429521841189374e-01,-1.035777980819419186e+00,-1.357365732436196737e+00,1.473925317613900443e+00,-4.520193916232382869e-01,1.586091427480973773e-02,1.089305481118988395e+00,-7.788783546594473250e-01,2.405022549670156606e-01,-1.293447296187327122e+00,6.523261651276909823e-02,1.035723897945088012e+00,-3.814251860727978227e-02
3.749950504914233429e-01,9.780845836013446482e-01,-8.895408826697874805e-01,-1.710680680030309153e+00,6.988770369111811931e-01,2.668716302813848307e-01,5.566865486055683210e-01,-9.974456914266212060e-01,-9.035388920378584210e-01,3.190788524435879403e-02,-2.153976992978691385e+00,5.065259017111437556e-01,9.144316507641931935e-01,1.101337287826504197e+00,-3.041656191227070094e-01,-2.239506496324473184e-01,-8.405586496267616337e-01,-4.848377427581404553e-02,2.033957930962867477e-01,5.316402135972790877e-01,6.664605435901325148e-01
4.790339552657270072e-01,-1.275819712742657375e-01,7.997220714461142910e-01,2.605740670037001161e-01,-9.161796699363977670e-01,2.527636920836748291e-01,-1.809233623361084398e+00,-1.013507012855736411e+00,-4.410988108654904649e-01,9.618762246300436303e-01,7.125514108537766012e-01,-1.550924981499727018e+00,-1.656532832296501723e-01,7.572152213910299245e-01,2.293221219590029225e-01,-3.881483303792387374e-01,2.801597270208586177e-02,1.974638985892850918e-01,-5.998558253755228442e-01,3.312172977811875252e-02,-7.072483101069076961e-02
9.427008117503024587e-02,-9.347627442913377660e-01,2.090682455928252637e+00,2.940023630253202125e+00,-2.162993549498467560e-01,7.694267155693981231e-01,9.920339906795879736e-01,1.182993686093806174e+00,1.365455220666443648e+00,1.042210228508721581e+00,-1.488134365060459263e+00,-1.354386937630223775e+00,-1.719531798966274616e+00,-7.290186908762495976e-01,-1.419808175314712040e+00,1.119904948053052296e+00,-8.251696317881581505e-03,-2.987010595229331322e-01,1.527171121605024606e-01,-1.198704746223618667e+00,-1.444762472671460962e+00
3.015484072350127498e-01,-4.489469741060344021e-01,-7.905954996476730612e-01,-4.976372704150435755e-01,9.815874190929687604e-01,4.045360912249962304e-01,1.435772376993214472e+00,-1.153966613979657829e+00,6.559993258172695796e-02,1.812735556143399984e+00,5.521902741686630645e-01,1.889797768626846786e+00,4.535715418380728559e-01,-1.603892449695422773e+00,1.400562987695598949e+00,-5.706163191484868724e-01,-6.744968415715425492e-01,-7.213226043352820582e-01,3.145681676085741729e-02,8.053593248908230695e-01,6.650908025714942218e-01
1.186320104987736324e+00,5.932176108455652352e-01,-1.821998691053603736e-01,4.871464013266455645e-02,-1.863780820280873662e-01,7.146242955023875965e-01,-2.113745942846338544e+00,-1.872032061695263705e+00,4.722302919226583073e-01,-2.687476856307794981e-01,5.839151933688982998e-01,-3.261977225032299810e+00,1.601459808332504231e+00,-9.655220690758254953e-01,5.073509463923563390e-01,3.109949463024048177e-01,1.243817504318755519e-02,1.866314146941675300e+00,-2.633339526273557052e+00,-1.585163128749025985e+00,7.673537112082844391e-01
7.595356465431362114e-01,-2.221280122588663308e-01,-2.494414494433161156e-01,2.687248335876056826e-01,1.279276210635080568e+00,4.066246560629373508e-01,1.324686170035178412e+00,-5.968609590603991544e-01,-1.193753801631941558e+00,-2.409980138293192464e+00,-3.272647216293415179e-02,-6.332450921725486515e-01,-8.483101753267171530e-01,5.020217666456983779e-02,-1.860522124222372620e+00,-1.233099052635049819e+00,-1.341263164607127134e+00,2.622924544781589096e-01,-5.145958782262571168e-02,-3.073521740240554023e-01,4.812871799050304905e-02
2.928977952973853272e-02,9.172956974550060538e-01,1.463767317483198660e+00,-7.308097212894639760e-01,-1.412429226455482079e+00,1.073291000709878595e+00,1.254418845490996803e+00,4.161219998865502423e-01,-8.576571224045721475e-01,6.469330248100813030e-02,2.736305667738410663e-01,4.308537310907507023e-01,4.368462165280774245e-01,-7.182300503804840697e-02,-5.327088221252999078e-01,-2.067842733053388282e-01,-3.688328291510710177e-01,-3.700253030117321013e-02,-2.037114424038912297e+00,1.687663296214591435e+00,-8.879989414051756014e-02
1.975025927159705826e-03,9.565660957167774203e-01,7.313197815012169034e-01,-3.004404208336050597e-01,6.705330924618603250e-01,-1.077205442278932335e+00,-2.550475540649300155e-01,-1.232514330256624158e+00,6.491553458002153887e-01,1.439921332060663861e+00,-1.000841872711446534e+00,-7.739868916627500317e-01,-1.063259258781876104e+00,-2.310049646868393702e-01,-1.802827117500870741e-02,-3.991146377548820956e-01,-8.337108561485000457e-01,8.535723916778488185e-01,-1.496083998543898952e+00,-1.112718391293251896e+00,-3.698378161827034494e-01
-1.990497058888950566e+00,-2.446227137574668864e-01,1.544238240751006908e+00,1.003127716248235490e+00,8.841162717018320460e-01,-1.723246832399345951e+00,5.286583429649414079e-01,2.957057699935938810e-01,6.293059139824704884e-01,-1.165849097868841167e+00,8.859317889577056349e-01,5.982581582000683351e-01,-1.352139231803090036e-01,1.492080304272115132e+00,1.658978526426504674e+00,-3.804011099113601690e-01,9.986631583885705599e-01,1.220824756270390277e-01,-7.763079606446611214e-01,-2.569605514655280976e-01,2.494200208687888387e-01
5.246539626450366089e-01,-2.659787444331115913e-01,1.013408892549619189e+00,7.871550680760214247e-01,-1.456615764144148617e+00,-2.588392013716938944e+00,2.739299055985923159e-01,-2.242404859876056533e-01,-2.181920726014234813e-01,-5.410208025268504750e-01,-2.840920716955765424e-01,-2.362708050193143894e+00,-3.632828138413384811e-01,1.300362240895654331e+00,-4.970308138901299300e-01,-6.616312584103908323e-01,-2.146317114766083667e-01,-5.199334171395846721e-02,-1.936334424239170293e-01,3.995305604515967945e-01,-1.097925337890201414e+00
2.893982723216134700e-01,-1.348145803085708305e+00,-6.266293634694507508e-01,-1.386499857630927313e-01,-6.605359661958130069e-01,-3.364651968434072549e-01,-2.296840437465072771e-01,3.080215520573877375e-01,-1.139451240459461001e+00,-1.909953901343967697e+00,-1.284074147884719241e-01,-5.429483276183680873e-01,-2.235157490060569463e-01,-9.493589671262553376e-01,-2.170578543941698690e+00,-1.654771031768288159e-01,-2.017038907829022537e-02,-4.464401196492296386e-01,2.233797998236259075e-01,9.809164749206025213e-01,-1.709717612751388283e-01
1.495839960933540658e+00,-7.755783190810749961e-01,-1.380403719624114345e+00,-1.148481683871749093e+00,-2.912239456062931664e-01,-2.264158387073020584e-01,-1.074888598233647991e-01,-1.561115792767112931e-01,1.365496558213137979e+00,-3.362382194670628932e-01,4.833445729498226373e-01,1.326578086295448156e+00,-1.695967198498209427e+00,1.162646190098201027e-01,3.465548692028943556e+00,-1.162421123729334038e+00,-4.213854171514155866e-01,1.411547962839323933e+00,4.864632322072722781e-01,2.467100370799147069e-01,-1.062993116638174751e+00
1.941357026052072277e+00,2.637188557145223045e-01,5.803015885355243819e-01,1.755119562559239510e+00,2.376824712979112686e+00,7.946862830340004624e-01,-6.897905452823452910e-01,1.029667878258311076e+00,6.806330193440129905e-01,-1.685176942928077182e+00,-6.489760263195633316e-02,9.068366969507266062e-02,2.219397165860251264e-01,1.365571410326819501e+00,-9.623281739755034092e-01,7.503682784697082164e-01,-1.506145396535351622e-01,1.240191188242483866e+00,-9.169555160474502919e-01,-2.258884842104019519e+00,-6.108970448990724833e-01
-4.574299245938309166e-01,1.513457102754461603e-01,-9.512237887234809008e-01,1.673714641326655039e+00,1.395218335031093715e-01,1.302823479248238769e-01,1.249085467082536649e+00,-6.833251151908044385e-02,-8.041317513667145533e-01,3.286194208219834767e-01,-1.321857798896250324e+00,4.832351455922012651e-01,-1.435979270432231614e-01,3.806227469891660387e-01,3.522092329639672226e-01,-1.379014308366599995e+00,3.254883904332114830e-01,5.401411573778969188e-01,1.324909475528130098e+00,-9.660440010833768465e-01,1.453434074181549240e+00
3.155919174403249428e-01,-5.299888099762350979e-01,-2.078197354988190693e+00,-3.523290135594196459e-01,-7.843031796027211122e-01,1.273158674801754486e+00,1.559284435129812740e+00,5.115410550594197137e-01,-4.372730991741653472e-01,-9.695998266226942344e-03,-2.351415106901104668e-01,1.709677191065530177e+00,-6.874509774192792966e-01,-9.203338683323081248e-01,-3.955420745014300299e-01,-4.538194716585497446e-01,2.571981869089883486e-03,7.741713109165919704e-01,8.420588862210013348e-01,-3.007042805902806482e-01,-1.042985460508826900e+00
-7.784492865024400521e-01,2.225511358012020602e-01,-3.395378267254658966e-01,1.896346591706196683e-01,-1.123254852673962523e+00,-2.349986763995651762e-01,1.145521957346729458e+00,-4.851208935276001277e-01,1.594076307454536656e-01,-3.008785815380544904e+00,4.389363885391180942e-01,6.568174038431392470e-01,5.552886163212644721e-01,9.884375125487576685e-02,-1.299772264768950025e+00,-1.341411078530868606e+00,-1.404996706988956623e+00,1.159815431858645773e+00,-3.334361740279804809e-01,1.030342226306731668e+00,2.339309977386655248e+00
-2.193651549148038171e+00,3.214540956291041529e-01,8.074703428096478008e-01,2.643203759799099828e+00,-1.859725121101438727e-01,-6.673761241261998156e-02,6.508192169605658828e-01,2.540364337165495812e+00,-1.229301983564882850e+00,-3.900683749219737151e-01,7.002258490395709689e-01,1.412867802615026813e-01,-4.154301517741511018e-01,1.688491185688901330e+00,-1.575170368870936755e-01,1.929804271183278130e+00,-1.166559849924317049e+00,-8.728677974061137546e-01,-1.462842485428596406e+00,4.385684604232856776e-01,7.899026413997078944e-01
1.411262068801933944e-01,2.361513363201610094e+00,1.574211176828082426e+00,-3.143074655750259239e-01,1.203967042648808938e+00,8.565692716011213959e-01,-1.990185131785545680e-01,-1.109339810887142175e+00,-6.950381249049285559e-01,3.889388638664682540e-01,-2.510832627581781828e+00,9.986716459523068412e-01,1.507647203634961519e+00,4.610688701918923965e-02,2.705052675961987507e-01,-3.283306537409406145e-01,-2.275942020283681533e+00,6.680596792081799906e-01,-2.303027496562609078e-01,-1.370636784107492234e+00,6.939889542785342147e-02
-8.221596115100777702e-01,1.684279633630774375e+00,5.606174725070819376e-01,1.542981187648216457e+00,-1.249433925389546118e+00,6.936067648363424265e-01,-8.681281632887769550e-01,-1.159465159700832304e+00,1.230598816476225488e-01,4.015130948255311027e-01,-1.548276372008168256e+00,-3.778096470618841907e-01,-7.374281041545656112e-01,9.114985595436667642e-01,-3.396663864654242970e-01,3.676709945684872305e-02,-1.707271927975460013e+00,8.694829109673427592e-01,4.206782359711601083e-01,1.607010771837960039e+00,-1.744929035461882494e+00
2.493107400557877801e-02,1.715548256863214549e+00,3.924316229118210431e-01,1.687360656549601767e+00,-1.399774174134542082e-01,7.338299190711626840e-01,1.455513221156780723e+00,-5.159405875075038228e-01,-5.453683407355689461e-01,-8.833222414914482234e-01,-4.422567714363141445e-01,-1.421484829206484946e-01,-2.683345954066059802e-01,-4.720042086756092575e-02,-7.576831766552749592e-01,4.246552225655725876e-01,1.746508519642307189e-01,-1.851773589158794142e-01,-8.006232048078106844e-01,-7.309532493430889177e-01,-1.206646211444851957e+00
8.990363784351029786e-01,-1.496397133597954898e+00,-4.991668362622500021e-01,-1.146189313525588283e+00,-8.087588885880534484e-01,-2.014089976895807044e-01,-1.639633159129231244e+00,9.918322977370379601e-01,1.556641329696978771e+00,-2.694931127877209787e-01,-2.274029770264318628e-01,7.685202929122911808e-01,2.406565714182583859e-01,7.326620185311060185e-01,1.887949733367655647e-01,8.645312092187463771e-01,1.120696380452592900e+00,-5.996473311070756873e-01,-1.365831230457773771e+00,-2.748716770972725598e-01,-3.248821793400525487e-02
-7.954935993006780892e-01,1.229428085546476312e+00,1.376210515992375205e+00,-2.676979760786594165e-01,-1.381230204741185075e+00,-5.357089895938744323e-02,-7.338589945821712146e-02,-8.388962798284509415e-01,4.720075376046143911e-01,9.155756863833195425e-01,1.414430113189383498e+00,7.975487658938062996e-02,-1.385782274505726663e+00,1.369415387196087908e+00,-1.056356117913614501e+00,-6.486988428452872268e-01,2.426931559387018211e+00,1.979183108404982461e+00,-2.017334304552492519e+00,9.572945885573682645e-01,3.672238206534348959e-01
1.589098053408989353e+00,-2.288459199709173553e-01,5.024399007237357884e-01,-1.787497969177479634e-02,1.598318506837511865e+00,-1.385390785881814191e+00,8.963558306929181319e-01,1.161737768705536911e-01,1.124489474409445577e+00,-8.960589486942361903e-01,-6.131669225293641112e-01,-6.944802959912914631e-01,1.053326643410346986e+00,2.609076642138765667e-01,2.560018266380768015e-01,2.212837672334614092e-01,2.282941468554106734e+00,-1.156041314699987499e+00,6.382235932888277175e-01,1.414652424233805647e-02,1.004902801918535316e+00
2.427563156563173674e+00,-3.615121989842117606e-02,7.778371987811835142e-01,-1.296515663806546703e+00,2.194292365742094575e-01,5.140046115185619158e-01,-1.120499380535962208e+00,-5.240128552191269939e-01,-7.728874096454997344e-01,-6.928762492645635929e-01,4.767359131453679510e-01,8.908424823770426659e-01,-2.062941795549357582e-01,-2.587884032530312073e-01,1.501129267290804314e+00,-5.709239408364831236e-01,8.380971523232578768e-01,2.818263968408505349e-01,3.366621809451387226e-01,9.108962591714422352e-01,8.450891908776606565e-01
1.514880323392639339e+00,7.941136853543622198e-01,5.349162112402404690e-01,1.812215192174175149e+00,-9.220621882044484074e-01,1.895498486434138152e-01,2.407353061653284831e-01,2.551873895433315331e-01,3.297919087675630911e-01,-3.178984809654475385e-01,-8.859993590417785114e-01,5.109405789672875065e-01,-1.272548959101002630e+00,7.068375234958043096e-01,-3.910210579789515917e-01,2.302353992727377285e+00,2.334926748951651754e-01,-2.404780691391058545e-01,-2.033465203494486673e+00,-3.046245386077276462e-01,8.872606985081166187e-02
4.213242198356741824e-02,1.973267523566998749e+00,-1.301656211901051963e+00,-9.579130735737666491e-01,1.992759903143958289e-01,1.550929132697966839e+00,-2.418623755966060052e-01,-4.220152334411872985e-01,1.130320488713361327e+00,-9.015284319632503873e-01,3.657264253932382414e-01,5.301979918758314980e-01,-1.911367593402952814e-01,4.365420099894560813e-01,4.492206376041269628e-02,-5.216213918053655973e-01,-8.028167388047252606e-01,4.650200801786096849e-01,4.054444696220569910e-01,-8.296227040236983652e-02,-9.840034733052367699e-02
1.113141406774195818e+00,1.905987547221137390e+00,-5.259149858753512374e-01,3.982850432402277457e-02,1.664899502359949102e+00,3.265088453418439896e-01,5.846721874954526887e-01,-6.389504324013187686e-01,-1.437870824232266642e+00,-3.704694458658426837e-01,3.010326932177313619e+00,-1.659115918030351633e+00,3.246805928336215508e-01,-1.044117150590794241e+00,-9.797808131279185373e-01,-6.958061798687997790e-01,-5.402672391968265098e-01,-8.230577066398064856e-01,-2.180175111410683986e+00,5.799649135772841912e-01,-7.413777833409769258e-01
-1.021792245926742115e+00,3.971040275607732317e-01,1.375974474847088569e+00,8.745938721784352055e-01,-3.195873261887891559e-01,-4.418806522333874609e-01,1.182988190040771936e+00,-2.412070491674918882e-01,4.564411211556815839e-01,-1.130618320545424133e-01,6.462913174578065467e-01,7.782917205818051798e-01,6.593376535310434272e-02,5.340369279756405074e-01,8.000606239720048363e-01,2.012722851773036392e-01,4.227447348891995027e-01,3.648299775864013439e-01,6.812311428896108967e-02,3.105951753618316213e-01,-1.288730514730607846e+00
-6.309830152813890314e-02,-1.324118662392687051e+00,-1.793206858837231632e+00,1.302780368848866610e+00,1.327710209752011039e+00,5.395851149201190688e-01,-8.871981581529536642e-01,1.931202357184916285e-01,-1.257145623986754224e+00,5.648146897187047433e-01,1.034938937077974241e+00,-4.749383884865956418e-01,4.961625203601536804e-01,-2.447650991521143904e-01,-3.565112259971544573e-01,1.175997473352519807e+00,3.369096416334668165e-01,1.133834189751022681e+00,-2.834122236393626371e-01,6.428212703866628130e-01,1.016501351932569186e+00
7.383423682807366273e-01,-8.358215921537829329e-01,3.485955550703054850e-01,-1.151826966152542209e+00,-2.580332534417776991e+00,-4.855936043998379525e-01,4.625086852793320324e-01,1.723836852341681658e-01,-1.058279268514354499e+00,9.873943513843063124e-01,1.268935682291123745e+00,-7.220772241208063269e-01,3.771643173867685883e-01,-2.515179872752523749e-01,2.073580378529767208e-03,8.630555069517353850e-01,-1.791426047691252244e+00,-4.091597991711831139e-01,9.173215705271665632e-01,-9.562644825361105161e-01,8.158461336365288585e-02
1.478483084958700733e+00,-9.836716754176771937e-01,-2.650847092964182458e-02,3.015814370171013628e-02,4.955052202183638510e-01,1.466644146589561659e+00,-4.286116736547492256e-01,-8.536246185564253519e-01,1.938730723173924808e-01,-2.026379338550055031e-01,9.772446076017907712e-01,-2.238656445016577567e+00,-3.966352129698155204e-01,-1.499761901455279434e+00,5.161582656854447615e-01,1.215606225691657105e+00,-6.732312097557716646e-01,1.292075053530489015e+00,-1.740835154395953044e+00,4.684597971006332351e-01,1.000599550848043418e+00
-8.542566960735560253e-03,8.759517505357293787e-01,1.346979829489812763e-01,-4.470651817287745189e-01,3.281790894332831665e-01,1.920643678529447840e+00,8.610493649152162199e-01,-3.041222679755749558e-01,-1.069356626881692307e+00,-7.770195279980769421e-01,1.349600512811081954e+00,-6.747103820969997390e-01,-1.687876133589850891e+00,-5.981749653571613035e-01,2.139409075469128341e-01,-3.348922918722099240e-01,-1.709686409765745374e+00,-8.426042121717295871e-03,-5.464409698988476061e-01,-5.167286263967068027e-01,-6.393521043932238745e-01
-6.626401932604252254e-01,1.224807076961425878e+00,2.242518335037837929e+00,-3.600029510471853267e-01,-1.158356128770925642e+00,-7.327013401265834724e-02,-4.352188700854677239e-01,1.831773138289132241e+00,6.491709315218162635e-01,-3.987482449669443874e-01,-3.162848529044262058e-01,-6.112202894229160632e-01,3.561086980508030297e-01,-1.044050717410095919e+00,-7.954495528490446166e-01,4.281092148835021760e-01,-1.039780524118662175e+00,-2.111976174881943003e+00,4.012646038949951310e-01,4.110707550338753569e-01,-1.470059983252289593e+00
1.214964388927984640e+00,-3.209141596567523513e-01,-1.479106446284941700e+00,1.035136612771357711e+00,3.326067635681614898e-01,-9.590593456327671795e-01,-7.513930612458530334e-01,1.756680981616228321e+00,-6.841847472767405014e-01,1.740550787176167624e+00,-1.491941772656610210e+00,-3.017296959727117089e-01,7.523400135178002213e-01,5.100259732152003789e-01,-5.948586293254063406e-01,-2.015766674864794883e+00,3.208281795688570914e-02,-1.119868126442751910e+00,6.644635025592512401e-01,-6.897016128127786416e-01,2.415726203875331185e-02
9.817040224278924532e-01,-1.917576028735322069e+00,-9.115717109348130398e-01,3.596801699421907639e-01,-1.126275583931038549e+00,2.243325257988279253e-01,6.929557556379051242e-01,-1.420806550908954691e+00,5.353463513486071967e-01,1.009990395225069726e+00,-1.257581885635939534e+00,-6.979500042113077063e-01,7.114661128866881512e-01,2.095019313543333983e-01,8.264545615430854975e-01,-8.559421061082177484e-01,-8.835338603000349178e-03,1.107926673025387831e+00,-4.553745782742239616e-03,3.142383040589769288e-03,-7.318418167936050489e-01
5.498968793836547242e-01,-5.498830529880309737e-01,8.492988761491707672e-01,-9.514242292336783091e-01,-9.079977767033585723e-01,1.260502692304282524e-01,-1.840081308982853270e-01,-6.649596148683158958e-01,6.515845246786841072e-01,-1.763160609779452104e+00,-7.456295840422810794e-01,-1.424015916819342475e+00,-9.894647819968722668e-01,2.887382370476664573e+00,3.659038586738284637e-01,-6.042211508709589562e-01,-6.323409136799181818e-01,-3.008717975896297858e-01,-5.816602719007036848e-01,1.192369998188187230e+00,-8.405916848492214211e-01
3.967457530741307914e-01,-3.072807177502382414e-01,6.277136965701248794e-01,1.480290625959108930e-01,-1.161446368533082918e+00,-2.109122156333255102e-02,-1.692432987450593007e+00,-1.525104201924585512e+00,-4.249177783312438339e-01,-1.354042596237294172e+00,6.271094622296008447e-01,1.404087988508622820e+00,1.536866245571054890e+00,1.018486535526222925e+00,-3.621893344215167815e-02,6.642510456940462493e-01,-1.205297437132209076e-01,3.512673318606389650e-01,8.658271028636983502e-01,-1.059727898749431629e+00,2.467410887396431773e-01
1.217574676567498848e+00,-4.141853410640962130e-01,-1.080047546220421317e+00,-3.661863328759008551e-01,-1.407142894667554600e+00,4.337154846896319471e-01,8.392227687978083273e-01,1.035213372631588191e+00,8.290027152876211503e-01,-1.449526790585305758e+00,-2.444908345604632563e-03,-8.668960860172828520e-01,4.212873537416957359e-01,-2.583071736816360264e-01,6.548962040899432013e-01,-1.798259442892363169e-01,-1.905740430793366302e+00,1.115683940954332432e+00,1.292319932029473706e-01,2.860401176846987248e-01,-1.458725430413923219e+00
-1.053371148992499201e-01,7.788495933126236836e-02,8.431941175213157613e-02,-8.096088593229990860e-01,-7.729169639851674045e-01,-1.620300688209279194e+00,-2.303019567588976690e-01,-8.734374672078123666e-03,-1.348589490326635554e+00,3.979373040413262952e-02,-4.439705990694721160e-01,-6.127311289749717838e-02,-1.159754565122622205e+00,6.030374980959233300e-01,1.067692006602624505e-01,-5.518790100348152095e-01,-6.210790300188755442e-01,1.049177861461090266e+00,8.897541664985049170e-01,-1.221128437688395740e+00,-7.176368155458286990e-01
2.931643560327890641e-01,2.239468560626102778e-01,1.780060853139972865e+00,-1.483314844655430342e-01,9.931653632453221747e-02,-9.544501193403387429e-01,-3.607632416979562606e-01,4.929659642857288082e-01,1.615240846984024259e+00,-1.011804682797747379e+00,7.261349491228880071e-01,-2.148103508595728073e+00,2.933786135093263137e-01,-1.324984987595120955e+00,-1.508043111847211959e+00,-2.101325966499279829e+00,-1.015468811251573136e-02,1.279903079552551892e+00,-5.759827743834020075e-02,-1.590622213368275695e+00,-6.082837121187180396e-02
-7.341973022583971886e-01,1.357783857599623056e+00,-1.332099743633924360e-02,1.111132165555628770e+00,2.431830187949941269e-01,-2.496588591009853420e-01,2.427893851952919457e-01,-9.388548623208796684e-01,-5.853166982151085662e-01,-6.825117625855136039e-01,-7.198183786619489766e-01,-9.546649091755573524e-01,4.825368743458692822e-01,-8.808979743944798102e-01,7.050204209511020670e-01,8.925639146101960186e-01,-3.398919705929850238e-02,-1.455549279477371671e+00,-2.301392698321967634e-01,-2.526706769179027506e-02,3.364903664396645122e-01
1.204197002186836209e-02,-6.484712261027091029e-02,1.885180568426993164e-01,-8.539804318394944582e-02,-2.558176725137277785e-01,1.264128493045646007e+00,5.986466110729206092e-01,-2.931577333316528478e-01,-1.260248401098123194e+00,-1.896041551390113267e-01,-9.379851074418238399e-01,-8.680796807770536638e-01,3.293859003813841974e-02,-3.863472834882230256e+00,-9.946512114112923131e-01,5.081813882693320128e-01,-6.001935486999362412e-01,2.656607636482106183e-01,1.482231026202715629e+00,-1.441198154112466767e+00,-7.801072215599383908e-01
-4.364895338283425463e-01,2.751291459384247462e-01,-1.630940316484083885e+00,2.773911341714864864e+00,2.029597042883601432e+00,-1.266877927264165558e-02,1.711906440298290866e+00,2.965902497166040819e-01,-3.811736069967076035e-01,4.700947764180303801e-01,4.660978861860119449e-01,-6.556427882298551113e-01,-2.404394813418634591e+00,-6.012247613978917160e-01,2.619045773629463669e-01,-1.475523895271525943e+00,-5.520128923301299562e-01,-1.175405523772020955e-01,-1.247108480046831502e+00,-2.173755318728798347e-01,1.335919118627385771e+00
6.343784055277357226e-01,-2.258705019327227892e-01,-1.154116141512405047e+00,5.848588079800469686e-01,-1.236636509772288117e-01,3.754790284988449023e-01,7.006114194552216512e-01,4.998710308251317347e-01,1.154211895874434290e+00,8.809867362625178021e-04,1.416801956703881205e+00,6.207658125430472185e-02,1.492984902317900264e+00,-1.057316369789004451e+00,3.730130727441872684e-01,-1.754872929703147899e-01,-1.283792378629708075e+00,-9.267909175626637408e-01,-8.057721026987417767e-01,1.116158526501874970e+00,-7.778875425366151009e-02
9.344200885358117104e-01,3.029394326466552934e-01,3.330622425911405338e-01,1.208787886860856586e+00,6.219567295027216280e-01,-4.546888043699485737e-01,-2.776341170307952577e+00,1.446028330880486379e-01,-1.972440289488156751e+00,-1.707491163906430798e-01,-1.177628653425448535e+00,8.857323203608944429e-01,-1.622648905347906165e-02,8.136362761699866830e-02,3.344636289671932827e-01,3.637605981167538749e-01,3.024699961967746153e-01,-1.062893334243864008e-01,-9.299553059226790541e-01,1.290102999531251182e+00,1.231288079356197329e+00
8.234813216741765363e-01,2.640703550259613674e+00,4.224571440800014011e-01,6.384822710440149485e-02,-4.924275642629307587e-02,5.228561274527743219e-01,6.361844714555934255e-01,1.990716368080227117e+00,-1.938890728874330671e+00,1.254756446402593095e+00,7.791051183233865807e-01,-2.090265929169862757e-01,3.862784460757859861e-01,-2.055817394492891539e-02,9.069418416626641166e-01,-5.507737649662707291e-01,-3.705764926993737052e-01,2.189475856908318641e-01,-5.389024323702337194e-01,1.384829979399143429e+00,-8.728907029751274971e-01
-7.445339282120704283e-01,5.840171348280417396e-01,-8.411959743487087415e-01,1.232087652746525763e-01,-1.348974337617381558e-01,1.985330384037811813e+00,1.130112628558710863e+00,-8.228684538336815679e-01,5.215940894441554176e-01,8.538843677021347167e-01,-4.226627597421829807e-01,1.220551297359843274e-02,-1.093955013604539062e+00,-7.614500802972044013e-01,5.194690348832933235e-01,2.556047451887401567e-01,-1.683067884153883975e+00,-1.597129407068529572e+00,-2.494378138944678414e-01,1.092121669371568293e+00,4.490514708850965042e-01
-1.984459387838915401e+00,-4.712984822044717359e-01,7.939250326034728023e-01,-1.270598517340436162e+00,6.424553323001915839e-01,1.243717867800073318e+00,-7.616004377707770168e-01,-6.843323980124726980e-01,-7.202482524117954643e-01,-7.171765199975648208e-01,1.949386732970742608e-02,6.787115435764884408e-01,1.915062151758925468e+00,-7.537245059755179888e-01,1.004239696197835319e-01,2.690853545029552873e-01,3.306372504647953070e-01,-4.062784799669157954e-01,4.025128950564927921e-01,-2.785216141428270009e-01,1.061072912099155552e+00
