MW,AMW,Sv,Se,Sp,H%,C%,N%,O%,D/Dtr06,ZM1Kup,CENT,Psi_e_1,X2v,VE1_A,VE1_Dz(Z),Chi_Dz(p),SpMAD_Dz(p),ATSC2m,ATSC3m,ATSC3s,Eta_F,Eta_B,SpMax_EA(ed),SM08_EA,SsOH,SdO,SsCl,AMR,MLOGP2
66.06,8.258,4.347,8.676,4.159,50,25,0,0,0,184.222,6,0.493,0.519,1.932,1.765,0.341,5.634,4.285,4.331,69.479,1.307,0.182,4,4.008,0,0,0,11.444,1.86
60.11,5.009,5.822,11.862,6.5,66.7,25,0,8.3,0,42.15,4,0.423,0.724,1.946,1.869,0.507,3.501,3.978,3.638,11.757,0.605,0,2,0,7.875,0,0,17.534,0.12
163,12.538,9.95,13.626,10.455,30.8,46.2,0,7.7,26,162.556,33,1.305,2.439,2.863,2.702,0.657,3.75,0.668,7.946,30.252,5.656,0.302,8.193,0,8.853,0,11.001,37.362,7.446
161.03,10.735,10.762,15.182,11.761,40,46.7,0,0,26,130.407,33,1.266,2.737,2.863,2.619,0.732,3.128,3.704,7.92,10.135,4.826,0.302,8.193,0,0,0,11.362,40.709,14.401
88.17,4.898,8.876,17.629,10.023,66.7,27.8,0,5.6,0,56.15,20,0.77,2.166,2.285,2.246,0.533,3.929,6.777,8.489,25.209,0.84,0.353,9.823,0,8.826,0,0,26.589,1.463
138.14,8.634,10.526,16.625,10.443,37.5,37.5,12.5,12.5,30.514,202.428,68,1.471,1.816,2.965,2.76,0.47,5.375,3.886,5.549,27.777,8.617,0.285,9.387,7.794,0,20.295,0,38.083,1.816
130.21,5.661,12.117,22.84,13.239,60.9,30.4,0,8.7,0,131.471,54,1.149,2.523,2.858,2.791,0.252,7.81,9.505,10.794,23.524,2.926,0.288,5.359,7.208,0,10.203,0,35.835,2.981
100.18,5.273,9.876,18.629,11.023,63.2,31.6,0,5.3,0,79.736,26,0.887,2.3,2.5,2.453,0.49,4.091,7.021,8.418,22.182,1.87,0.288,6,6.279,0,10.254,0,29.971,2.08
162.25,6.24,15.402,25.513,16.784,53.8,42.3,0,3.8,38.895,143.736,102,1.72,3.99,3.194,3.031,0.486,4.909,9.91,12.738,14.122,7.47,0.463,11.657,0,0,10.367,0,51.315,9.086
148.27,5.491,15.214,26.069,17.091,59.3,40.7,0,0,34.705,88,84,1.556,4.116,3.103,2.979,0.544,4.272,10.435,13.222,13.027,5.395,0.501,11.657,0,0,0,0,49.765,14.851
135.18,7.115,11.843,18.964,12.506,47.4,42.1,5.3,5.3,31.314,139.795,72,1.378,1.995,2.985,2.901,0.44,5.36,6.267,7.958,20.514,6.872,0.212,7.243,4.273,8.756,0,0,39.248,4.135
102.1,7.854,7.725,13.633,7.648,46.2,30.8,0,23.1,0,177.207,26,0.871,1.085,2.5,2.4,0.296,6.476,5.11,5.347,54.431,4.136,0.288,6,8.059,0,19.622,0,22.082,0.207
102.1,7.854,7.725,13.633,7.648,46.2,30.8,0,23.1,0,165.621,26,0.936,1.273,2.5,2.448,0.436,4.788,4.515,5.872,84.197,4.059,0.288,6,7.6,7.863,19.462,0,22.539,0.127
78.5,11.214,4.596,7.418,4.835,42.9,28.6,0,14.3,0,91.939,6,0.423,1.003,1.932,1.833,0.832,2.244,3.299,6.159,27.861,1.472,0.182,4,8.47,0,9.21,4.636,16.502,0.041
26.04,6.51,2.527,3.884,2.761,50,50,0,0,0,18,0,0.105,0,1.414,1.414,3,0.333,0.419,0.21,2.25,0.8,-99,0,0,0,0,0,8.566,0.489
56.07,7.009,4.768,8.095,4.977,50,37.5,0,12.5,0,69.736,4,0.393,0.372,1.946,1.962,0.769,2.224,2.149,2.058,15.75,2.119,0,2,0,0,9.056,0,16.441,0.009
72.07,8.008,5.483,9.422,5.432,44.4,33.3,0,22.2,0,109.885,11,0.576,0.542,2.131,2.155,0.564,3.532,2.308,2.868,32.079,3.009,0.144,4.842,3.619,7.604,9.25,0,17.367,0.001
146.16,7.308,11.493,20.727,11.625,50,30,0,20,0,209.77,72,1.399,1.995,3.024,2.93,0.29,7.306,7.589,11.562,101.383,5.271,0.288,5.27,7.541,16.263,19.793,0,32.739,0.189
144.18,7.588,12.822,18.862,13.5,42.1,52.6,0,5.3,39.689,144.15,71,1.684,2.498,3.157,2.885,0.671,3.872,5.438,8.115,11.136,8.512,0.209,9.943,0,9.371,0,0,44.202,6.954
93.14,6.653,8.602,13.753,9.29,50,42.9,7.1,0,18.267,81.645,14,0.937,1.471,2.594,2.171,0.765,2.841,4.86,5.266,8.314,4.024,0.106,6.124,0,0,0,0,28.493,0.716
93.14,6.653,8.602,13.753,9.29,50,42.9,7.1,0,18.267,71.312,14,0.954,1.411,2.594,2.29,0.795,2.909,4.476,5.536,9.492,4.37,0.106,6.124,0,0,0,0,30.758,2.268
137.15,8.068,11.031,17.407,11.199,41.2,41.2,5.9,11.8,30.514,175.197,68,1.48,1.892,2.965,2.777,0.533,4.75,4.524,6.309,25.914,7.967,0.285,9.387,3.619,8.486,10.342,0,37.517,2.7
161.03,10.735,10.762,15.182,11.761,40,46.7,0,0,26.648,124.407,50,1.27,2.808,2.856,2.667,0.655,3.41,9.04,4.756,7.166,4.859,0.195,8.139,5.611,0,0,11.137,40.979,12.439
106.13,7.581,9.295,13.978,9.739,42.9,50,0,7.1,22.457,117.736,32,1.103,1.529,2.718,2.411,0.703,3.29,3.95,5.219,5.769,5.451,0.068,6.822,0,0,10.006,0,32.649,3.129
108.15,6.759,9.822,15.862,10.5,50,43.8,0,6.3,22.457,98.15,32,1.107,1.644,2.718,2.414,0.631,3.923,5.552,6.561,8.705,4.744,0.068,6.822,0.21,8.538,0,0,32.874,2.532
126.59,8.439,9.935,14.858,10.903,46.7,46.7,0,0,22.457,92.203,32,1.095,1.886,2.718,2.413,0.722,3.089,6.748,6.252,6.87,4.317,0.068,6.822,1.262,0,0,5.527,35.925,8.653
228.31,6.918,20.644,32.723,22,48.5,45.5,0,6.1,113.298,220.299,318,2.605,4.719,3.683,3.611,0.378,6.691,11.694,16.452,26.29,14.429,0.588,13.611,0.087,18.593,0,0,68.207,10.928
67.81,16.953,-99,5.193,2.676,0,0,0,0,0,268.701,6,0.569,0.247,1.932,-99,0.467,4.292,0.087,0,0,1.653,0.182,4,0,0,0,0,4.504,0.298
123,11.182,6.132,10.764,7.398,63.6,27.3,0,0,0,28.654,4,0.42,1.482,1.946,1.819,0.736,2.259,14.204,17.552,3.664,-0.882,0,2,0,0,0,0,23.568,4.106
90.14,5.634,8.064,16.073,8.716,62.5,25,0,12.5,0,82.299,16,0.724,1.154,2.342,2.26,0.369,5.503,6.264,6.943,25.813,1.409,0,3.162,0,16.173,0,0,24.063,0.007
116.18,5.809,10.59,19.956,11.477,60,30,0,10,0,125.471,38,0.993,1.694,2.639,2.554,0.257,7.468,8.25,8.893,23.888,2.738,0.144,5.181,7.208,0,10.096,0,31.286,1.886
94.5,11.813,5.311,8.746,5.29,37.5,25,0,25,0,128.089,11,0.596,0.795,2.131,2.172,0.533,3.718,4.559,2.955,46.556,2.191,0.144,4.842,7.303,7.59,9.236,4.737,17.547,0.018
112.94,16.134,5.423,7.742,5.693,28.6,28.6,0,14.3,0,122.142,11,0.582,1.178,2.131,2.209,0.684,2.781,7.628,6.684,26.554,1.817,0.144,4.842,8.725,0,9.446,9.546,21.406,0.429
80.52,8.947,5.123,9.302,5.597,55.6,22.2,0,11.1,0,79.939,4,0.381,0.616,1.946,1.832,0.385,4.643,7.965,1.406,1.506,1.003,0,2,3.651,0,0,4.964,17.652,0.12
157.56,11.254,10.332,14.847,10.295,28.6,42.9,7.1,14.3,30.514,219.32,68,1.473,2.116,2.965,2.746,0.494,5.039,0.941,5.382,35.601,8.038,0.285,9.387,7.794,0,20.286,5.478,38.188,6.293
108.53,9.866,6.838,11.629,7.051,45.5,27.3,0,18.2,0,134.089,16,0.782,1.609,2.309,2.349,0.521,3.994,5.227,10.358,54.335,2.512,0.271,6.745,7.303,7.859,9.567,5.013,21.965,0.344
116.53,19.422,4.686,7.266,4.631,16.7,0,0,50,0,174.685,12,0.989,2.406,2.121,1.838,0.992,2.281,2.999,2.92,18.529,3.069,0.414,9,0,7.258,17.906,4.058,17.343,2.449
100,25,-99,4.586,7.954,0,0,0,75,0,153.969,6,0.613,0.842,1.932,-99,-99,0.846,1.685,0,0,2.565,0.182,4,0,0,25.625,0,-99,17.005
120.21,5.724,12.161,20.302,13.568,57.1,42.9,0,0,26.648,72,50,1.245,2.565,2.856,2.684,0.633,3.585,7.841,9.347,8.667,4.531,0.195,8.139,0,0,0,0,40.249,10.62
85.07,9.452,5.978,9.64,5.676,33.3,33.3,11.1,22.2,0,145.53,16,0.737,0.729,2.313,2.288,0.482,4.163,1.898,2.912,60.018,3.752,0.144,5.118,8.661,7.691,9.377,0,17.967,0.656
61.47,20.49,2.849,3.426,2.864,0,33.3,33.3,0,0,71.848,2,0.232,0.254,1.707,1.563,1.33,1.246,0.672,0,0,1.321,0,1,7.596,0,0,4.304,11.814,0.101
184.41,20.49,8.547,10.277,8.591,0,33.3,33.3,0,26,215.545,24,1.244,2.157,2.868,-99,0.521,4.195,6.402,6.42,9.234,5.611,0.318,7.583,0,0,0,15.957,39.017,5.614
84.18,4.677,9.161,17.302,10.568,66.7,33.3,0,0,14.4,24,0,0.857,2.121,2.449,-99,0.667,3,7.27,7.829,2.333,0,0,4,0,0,0,0,27.606,9.76
100.18,5.273,9.876,18.629,11.023,63.2,31.6,0,5.3,18.267,62.15,14,1.04,2.292,2.594,2.391,0.54,4.255,8.417,10.638,12.816,0.774,0.106,6.124,0,8.909,0,0,29.275,1.428
98.16,5.774,9.349,16.745,10.262,58.8,35.3,0,5.9,18.267,83.736,14,1.034,2.099,2.594,2.43,0.603,3.611,7.408,9.681,17.48,1.696,0.106,6.124,6.279,0,10.463,0,28.247,1.103
46.08,5.12,4.295,8.978,4.739,66.7,22.2,0,11.1,0,49.736,2,0.24,0.408,1.707,1.414,0.435,4.124,2.892,1.178,1.5,0.811,0,1,0.469,0,0,0,13.013,0.03
132.13,7.772,9.966,17.844,9.864,47.1,29.4,0,23.5,0,228.942,56,1.161,1.329,2.771,2.762,0.274,8.141,7.607,5.977,43.002,5.865,0.212,6.715,8.12,0,20.516,0,28.526,0.003
126.15,9.704,7.627,14.036,7.75,46.2,15.4,0,30.8,0,211.803,32,1.114,2.225,2.43,1.755,0.426,5.517,7.785,8.693,22.657,4.738,0.293,10.65,10.927,0,19.847,0,23.273,0.263
62.15,6.906,4.768,8.727,5.932,66.7,22.2,0,0,0,20.86,2,0.27,1.225,1.707,1.414,1.169,1.083,7.798,1.252,1.294,-0.412,0,1,9.348,0,0,0,19.187,0.713
78.15,7.815,5.482,10.055,6.386,60,20,0,10,0,68.596,6,0.455,2.225,1.932,1.414,1.221,1.494,9.39,3.504,26.421,1.14,0.182,4,9.348,0,9.556,0,20.559,0.101
87.14,5.809,7.843,14.964,8.506,60,26.7,6.7,6.7,0,95.381,16,0.707,1.413,2.309,2.342,0.432,4.707,5.863,5.721,16.544,2.879,0.271,6.745,5.382,0,10.069,0,24.259,0.032
56.92,4.743,-99,11.524,7.392,66.7,16.7,8.3,0,0,24.151,4,0.403,0.707,1.946,1.77,0.517,3.364,3.505,2.752,3.056,0.955,0,2,0.001,0,0,0,14.831,0.03
45.1,4.51,4.602,9.753,5.29,70,20,10,0,0,20.333,2,0.256,0.5,1.707,1.414,0.566,2.97,2.647,1.601,2.1,0.738,0,1,0.001,0,0,0,14.693,0.03
88.12,6.294,7.537,14.189,7.955,57.1,28.6,0,14.3,14.4,111.471,0,0.813,1.225,2.449,2.394,0.38,5.54,7.285,7.174,14,1.67,0,4,0.787,0,0,0,22.087,0.224
101.22,4.601,10.709,21.287,12.335,68.2,27.3,4.5,0,0,36.333,28,0.837,1.75,2.514,2.32,0.32,5.912,7.628,7.761,6.25,0.912,0,3.414,0.001,0,0,0,33.238,2.519
148.23,5.701,13.359,26.051,14.455,61.5,26.9,0,11.5,0,157.621,72,1.284,2.373,2.944,2.937,0.207,10.026,11.577,13.295,36.013,3.42,0.212,6.207,0.787,8.555,0,0,39.185,0.05
393.4,7.868,29.48,52.414,29.176,46,28,6,20,0,606.361,1357,4.218,5.666,4.598,4.528,0.13,16.728,20.005,28.811,226.376,26.476,0.925,7.614,8.58,44.116,54.06,0,87.2,2.809
292.28,8.119,21.449,38.007,20.977,44.4,27.8,5.6,22.2,0,468.831,540,3.085,3.996,3.992,4.308,0.164,13.279,13.661,19.776,191.453,18.016,0.713,7.619,8.356,34.466,42.22,0,62.946,1.845
88.12,6.294,7.537,14.189,7.955,57.1,28.6,0,14.3,0,117.471,16,0.696,0.925,2.313,2.166,0.315,6.026,5.775,5.618,27.5,2.428,0.144,5.118,7.208,0,9.822,0,22.161,0.344
106.18,5.899,10.634,17.418,11.807,55.6,44.4,0,0,22.457,66,32,1.091,1.839,2.718,2.396,0.708,3.192,6.514,7.405,6.81,4.123,0.068,6.822,0,0,0,0,35.7,8.653
45.1,4.51,4.602,9.753,5.29,70,20,10,0,0,15.312,2,0.271,0.408,1.707,1.5,0.654,2.346,2.653,1.905,5.963,0.455,0,1,0,0,0,0,14.667,0.03
187.86,23.483,5.631,8.109,6.989,50,25,0,0,0,47.309,4,0.418,1.964,1.946,1.986,0.835,1.935,58.286,71.231,5.348,-1.898,0,2,0,0,0,0,26.623,4.957
88.07,8.807,6.198,10.749,5.886,40,30,0,30,0,167.207,10,0.834,0.947,2.205,2.132,0.397,5.378,4.628,4.253,22.964,2.766,0.106,6.174,7.929,0,9.799,0,17.067,0.474
98.96,12.37,5.235,8.298,6,50,25,0,0,0,62.407,4,0.415,1.134,1.946,2,0.728,2.287,9.289,14.543,16.111,0.386,0,2,0,0,0,10.108,20.656,3.301
118.2,5.373,11.117,21.84,12.239,63.6,27.3,0,9.1,0,113.471,40,0.946,1.394,2.673,2.59,0.205,9.63,9.268,8.936,16.025,2.081,0,3.57,0.787,0,0,0,33.552,0.499
90.14,5.634,8.064,16.073,8.716,62.5,25,0,12.5,0,105.471,16,0.648,0.986,2.342,2.277,0.258,7.745,6.806,5.275,10,1.988,0,3.162,0.787,0,0,0,24.056,0.007
90.14,5.634,8.064,16.073,8.716,62.5,25,0,12.5,0,93.885,16,0.688,0.921,2.342,2.203,0.27,7.041,6.584,6.435,24.672,1.621,0,3.162,0.469,8.072,0,0,24.053,0.007
44.06,6.294,3.768,7.095,3.977,57.1,28.6,0,14.3,0,55.736,0,0.402,0.612,-99,1.414,0.938,2.4,2.647,0.774,1,0.504,0,4,0.469,0,0,0,11.044,0.319
60.12,5.01,5.623,11.854,6.296,66.7,16.7,16.7,0,0,28.624,4,0.415,0.577,1.946,1.89,0.506,3.498,3.868,3.667,15.757,0.991,0,2,0,0,0,0,17.869,1.109
46.03,9.206,2.956,5.538,2.67,40,20,0,40,0,89.885,2,0.241,0.105,1.707,1.664,0.573,2.954,1.251,0.852,14.4,1.357,0,1,3.619,6.889,8.361,0,8.051,1.056
75.08,7.508,5.505,10.524,5.438,50,20,10,20,0,111.197,11,0.596,0.598,2.131,2.134,0.473,4.249,3.418,4.458,56.104,2.479,0.144,4.842,6.962,7.597,9.243,0,16.154,11.813
58.04,9.673,3.956,6.538,3.67,33.3,33.3,0,33.3,0,113.471,4,0.397,0.272,1.946,1.985,0.666,2.669,1.246,1.558,36,2.231,0,2,0,0,17.611,0,12.588,1.705
110.12,7.866,9.01,14.305,9.193,42.9,42.9,0,14.3,22.133,134.299,12,1.15,1.516,2.742,2.524,0.599,4.398,3.619,5.854,23.907,5.617,0.212,6.623,0,17.291,0,0,29.446,0.798
33.04,6.608,2.263,5.313,2.222,60,0,20,20,0,43.462,0,0.096,0,1.414,1.413,0.384,3.533,1.233,0.434,5.12,0.513,-99,0,0,6.5,0,0,7.849,4.523
68.09,7.566,5.57,9.087,5.773,44.4,33.3,22.2,0,0,73.978,0,0.645,0.761,-99,1.985,0.882,2.376,2.938,2.782,4.975,2.535,0,4,0,0,0,0,19.013,0.134
116.18,5.809,10.59,19.956,11.477,60,30,0,10,0,127.471,36,1.005,2.196,2.683,2.611,0.271,7.133,8.264,9.212,23.659,2.831,0.288,5.547,7.208,0,10.126,0,31.157,1.886
86.2,4.31,9.688,19.185,11.33,70,30,0,0,0,20,16,0.718,2.183,2.313,2.235,0.525,3.686,6.409,6.82,4.081,0,0.144,5.118,0,0,0,0,29.356,12.363
60.11,5.009,5.822,11.862,6.5,66.7,25,0,8.3,0,44.15,6,0.44,1.094,1.932,1.414,0.571,3.234,4.124,4.157,20.608,0.64,0.182,4,0,8.056,0,0,17.428,0.12
102.15,6.009,9.064,17.073,9.716,58.8,29.4,0,11.8,0,123.471,26,0.861,1.658,2.5,2.441,0.297,6.433,7.047,7.815,30.013,2.671,0.288,6,7.208,0,10.032,0,26.579,0.991
59.13,4.548,6.129,12.636,7.051,69.2,23.1,7.7,0,0,21.312,6,0.431,1.244,1.932,1.414,0.657,2.777,4.035,3.917,10.141,0.542,0.182,4,0,0,0,0,19.085,0.12
90.09,7.508,6.725,12.633,6.648,50,25,0,25,0,140.035,16,0.808,1.014,2.309,2.384,0.442,4.813,4.381,6.213,83,2.999,0.271,6.745,7.095,15.771,9.449,0,18.914,0.494
126.15,8.41,9.128,15.611,9.034,40,20,40,0,26,164.872,24,1.241,1.41,2.868,-99,0.446,5.319,4.473,4.705,18.226,7.309,0.318,7.583,0,0,0,0,36.461,0
86.1,7.175,7.01,12.305,7.193,50,33.3,0,16.7,0,117.885,16,0.747,1.085,2.309,2.38,0.546,3.834,3.912,3.834,22.642,3.564,0.271,6.745,3.619,7.891,9.6,0,21.649,0.229
96.12,10.68,5.385,9.826,5.534,44.4,11.1,0,33.3,0,148.481,12,0.887,2.199,2.121,1.816,0.96,2.339,8.417,4.012,83.796,3.024,0.414,9,9.279,7.493,18.375,0,16.903,2.449
32.05,5.342,2.768,6.095,2.977,66.7,16.7,0,16.7,0,34.15,0,0.111,0,1.414,1.409,0.674,2.28,1.551,0.39,3,0.456,-99,0,0,7,0,0,8.261,0.663
86.1,7.175,7.01,12.305,7.193,50,33.3,0,16.7,0,125.471,20,0.683,0.727,2.301,2.043,0.393,5.237,4.468,3.364,17.867,3.627,0.106,5.653,4.825,0,9.84,0,22.136,0.229
72.12,5.548,6.822,12.862,7.5,61.5,30.8,0,7.7,0,69.736,11,0.58,1.056,2.131,2.078,0.634,3.039,4.548,4.885,24.23,1.565,0.144,4.842,6.279,0,9.813,0,20.822,0.429
60.06,7.508,4.483,8.422,4.432,50,25,0,25,0,105.471,4,0.369,0.332,1.946,1.845,0.376,4.851,3.431,1.076,3.105,1.858,0,2,4.825,0,8.951,0,12.82,0.149
141.94,28.388,3.37,4.836,5.182,60,20,0,0,0,15.649,0,0.132,0,1.414,1.117,1.743,0.47,71.685,0,0,-0.813,-99,0,0,0,0,0,19.643,1.86
88.17,4.898,8.876,17.629,10.023,66.7,27.8,0,5.6,0,67.736,20,0.711,2.316,2.285,2.193,0.411,5.117,6.926,7.771,12.703,1.134,0.353,9.823,0.469,0,0,0,26.816,1.463
118.15,6.564,9.778,18.4,10.171,55.6,27.8,0,16.7,0,169.207,40,0.968,1.319,2.604,2.57,0.266,8.153,8.178,6.969,21.762,3.914,0.106,5.887,7.209,0,10.268,0,28.566,0.026
31.07,4.439,3.075,6.869,3.529,71.4,14.3,14.3,0,0,11.312,0,0.12,0,1.414,1.413,0.791,1.628,1.368,0.489,1.959,0.404,-99,0,0,0,0,0,9.919,0.663
98.21,4.677,10.688,20.185,12.33,66.7,33.3,0,0,18.267,30,14,1.008,2.743,2.594,2.336,0.607,3.477,8.575,9.973,3.633,0,0.106,6.124,0,0,0,0,32.155,12.092
101.17,5.621,9.37,17.847,10.267,61.1,27.8,5.6,5.6,0,95.381,33,0.837,1.327,2.449,1.931,0.358,5.603,7.09,7.471,8.852,2.739,0.068,6.464,1.993,0,9.893,0,29.163,0.348
208.25,9.466,15.439,22.593,16.057,36.4,45.5,0,13.6,57.04,258.481,152,2.653,4.342,3.474,3.361,0.613,4.091,6.072,9.68,38.66,13.281,0.498,12.427,9.279,8.959,22.005,0,53.131,3.905
123.12,8.794,9.505,14.524,9.438,35.7,42.9,7.1,14.3,26.648,185.116,50,1.293,1.593,2.856,2.66,0.496,4.98,3.079,5.069,20.222,7.193,0.195,8.139,7.794,0,20.013,0,33.383,3.562
99.15,6.197,8.843,15.964,9.506,56.3,31.3,6.3,6.3,0,105.381,17,1.017,1.919,2.309,2.138,0.514,4.449,7.341,8.319,15.687,2.735,0.195,8,5.382,0,10.5,0,27.154,0.039
109.14,7.276,9.317,15.08,9.744,46.7,40,6.7,6.7,22.133,111.462,24,1.138,1.559,2.722,2.564,0.648,3.921,4.481,6.255,20.099,5.607,0.195,7.95,0,8.794,0,0,32.453,1.972
140.57,10.041,10.123,14.302,10.597,35.7,50,0,7.1,26.324,151.939,46,1.271,2.047,2.833,2.472,0.676,3.468,2.473,5.981,12.343,6.161,0.157,8.475,0,0,10.143,5.593,37.454,5.618
126.59,8.439,9.935,14.858,10.903,46.7,46.7,0,0,22.133,96.203,24,1.106,2.156,2.722,2.321,0.802,2.794,5.215,7.746,7.977,4.337,0.195,7.95,0,0,0,5.709,35.904,10.302
108.15,6.759,9.822,15.862,10.5,50,43.8,0,6.3,22.133,102.15,24,1.126,1.786,2.722,2.475,0.688,3.59,5.401,6.578,10.675,5.01,0.195,7.95,0,8.919,0,0,32.793,3.456
139.12,9.275,10.219,15.851,9.892,33.3,40,6.7,20,30.514,225.266,68,1.505,1.746,2.965,2.757,0.454,5.647,2.725,4.966,45.21,8.686,0.285,9.387,7.794,8.839,20.135,0,35.077,1.816
128.56,9.889,9.123,13.302,9.597,38.5,46.2,0,7.7,22.133,128.353,12,1.131,1.913,2.742,2.552,0.683,3.606,2.293,7.323,16.921,5.047,0.212,6.623,0,8.698,0,5.501,32.557,4.525
288.05,16.944,12.76,22.454,8.818,0,29.4,0,0,0,1125.333,294,-99,2.719,3.606,3.631,0.202,12.537,2.036,1.908,256.663,18.888,1.414,18.63,9.555,0,0,0,26.873,17.665
94.12,7.24,8.295,12.978,8.739,46.2,46.2,0,7.7,18.267,94.15,14,0.971,1.336,2.594,2.337,0.737,3.312,3.792,5.358,12.869,4.426,0.106,6.124,0,8.632,0,0,27.752,2.268
136.16,7.564,11.537,18.189,11.955,44.4,44.4,0,11.1,31.314,161.885,72,1.442,2.056,2.985,2.946,0.48,5.019,5.574,8.021,31.911,6.965,0.212,7.243,7.042,8.367,10.169,0,37.366,3.117
119.13,8.509,9.79,14.196,9.983,35.7,50,7.1,7.1,26.886,153.381,53,1.207,1.539,2.824,2.65,0.522,4.436,2.967,4.825,10.625,6.692,0.068,6.951,4.403,0,9.683,0,33.116,2.605
98.91,24.728,3.897,4.858,3.932,0,25,0,25,0,118.142,6,0.418,1.106,1.932,1.745,0.886,2.097,2.095,0,0,1.527,0.182,4,9.003,0,8.975,8.802,17.215,0.041
137.32,34.33,4.46,4.713,5.778,0,0,0,0,0,94.223,6,0.449,5.175,1.932,-99,1.574,0.892,0.026,0,0,-0.148,0.182,4,0,0,0,14.611,25.245,1.86
208.22,34.703,6.642,7.244,8.256,0,0,0,0,0,148.629,20,1.148,17.25,2.288,-99,1.65,1.115,0.039,0,0,-0.046,0.678,16,0,0,0,24.889,-99,4.957
153.32,30.664,5.175,6.04,6.233,0,0,0,20,0,141.958,12,0.796,7.038,2.121,1.657,1.61,1.215,1.936,0,0,1.446,0.414,9,0,0,9.512,13.85,25.367,0.041
148.12,9.875,11.198,15.749,10.886,26.7,53.3,0,20,21.012,243.207,65,1.781,2.223,2.937,3.014,0.539,5.043,2.281,3.893,34.935,9.002,0.298,10.725,5.963,0,21.666,0,36.369,4.804
147.14,9.196,11.505,16.524,11.438,31.3,50,6.3,12.5,21.012,209.53,65,1.76,2.286,2.937,3.028,0.569,4.672,2.948,4.792,24.192,8.786,0.298,10.725,2.747,9.081,10.928,0,38.427,4.804
85.17,5.01,8.655,16.52,9.813,64.7,29.4,5.9,0,14.4,38.333,0,0.842,1.811,2.449,2.315,0.585,3.479,7.279,7.827,3.894,0.77,0,4,0.001,0,0,0,26.835,0.668
139.12,9.275,10.219,15.851,9.892,33.3,40,6.7,20,30.514,225.266,60,1.483,1.774,2.995,2.721,0.44,5.871,2.725,4.928,43.728,8.557,0.302,8.192,7.794,8.716,20.072,0,35.077,1.816
137.15,8.068,11.031,17.407,11.199,41.2,41.2,5.9,11.8,30.514,193.116,60,1.445,2.093,2.995,2.678,0.47,5.314,5.215,6.089,9.917,7.886,0.302,8.192,7.794,0,20.236,0,38.424,5.02
162.21,7.373,13.865,22.065,14.511,45.5,40.9,9.1,4.5,40.537,170.36,112,1.717,2.375,3.26,3.251,0.441,5.34,6.639,9.071,33.496,9.564,0.302,7.892,0.993,0,10.533,0,48.507,0.57
138.206,23.034,11.61,5.309,51.682,0,16.7,0,50,0,159.487,16,0.759,8.032,2.313,2.385,0.456,4.676,3.041,2.795,24.287,-7.173,0.144,5.118,7.387,0,9.351,0,-99,2.125
138.548,23.091,8.183,6.738,27.716,0,0,0,66.7,0,218.286,20,1.087,3.043,2.285,1.667,0.741,3.124,3.463,2.361,24.454,1.444,0.353,9.823,0,0,18.483,0,-99,13.598
58.09,5.809,5.295,9.978,5.739,60,30,0,10,0,61.736,4,0.412,0.575,1.946,1.855,0.663,2.63,3.333,3.219,15.818,1.304,0,2,2.72,0,9.174,0,16.345,0.041
74.09,6.735,6.01,11.305,6.193,54.5,27.3,0,18.2,0,101.885,11,0.594,0.747,2.131,2.101,0.517,3.846,4.049,4.717,39.382,2.021,0.144,4.842,6.849,7.722,9.368,0,17.271,0.018
102.15,6.009,9.064,17.073,9.716,58.8,29.4,0,11.8,0,123.471,26,0.861,1.658,2.5,2.441,0.297,6.433,7.047,7.815,30.013,2.671,0.288,6,7.208,0,10.032,0,26.579,0.991
59.13,4.548,6.129,12.636,7.051,69.2,23.1,7.7,0,0,19.312,4,0.419,0.789,1.946,1.863,0.573,3.04,3.874,3.45,6.388,0.521,0,2,0,0,0,0,19.191,0.12
76.11,5.855,6.537,13.189,6.955,61.5,23.1,0,15.4,0,80.299,11,0.604,1.032,2.131,2.116,0.436,4.591,5.095,6.147,48.322,1.373,0.144,4.842,0,16.005,0,0,18.972,0.285
58.09,5.809,5.295,9.978,5.739,60,30,0,10,0,61.736,4,0.556,1.144,1.859,1.699,0.776,2.954,3.805,2.847,4.203,0.626,0.106,6.623,0.469,0,0,0,15.462,0.002
68.09,7.566,5.57,9.087,5.773,44.4,33.3,22.2,0,0,73.978,0,0.645,0.766,-99,1.846,0.848,2.585,2.82,2.873,5.336,2.428,0,4,0,0,0,0,19.745,0.134
102.04,12.755,5.114,9.702,4.034,25,25,0,0,0,368.444,20,1.534,0.749,2.285,2.322,0.269,8.366,3.035,3.862,108.255,3.252,0.353,9.823,8.85,0,0,0,12.019,3.301
80.07,20.018,3.332,5.058,3.011,0,0,0,75,0,162.067,6,0.52,0.612,1.932,1.414,0.75,2.667,0.336,0,0,1.943,0.182,4,0,0,8.444,0,-99,7.298
102.97,34.323,3.369,3.607,4.125,0,0,0,0,0,73.267,2,0.252,1.575,1.707,1.414,1.324,0.879,0.009,0,0,-0.017,0,1,0,0,0,9.361,20.066,0.713
146.07,20.867,5.067,9.803,3.557,0,0,0,0,0,541.527,30,-99,2.624,2.439,-99,0.402,5.967,0.363,0,0,5.499,0.965,25,0,0,0,0,16.801,1.86
134.97,26.994,4.799,6.262,5.034,0,0,0,40,0,168.738,12,0.872,4.047,2.121,1.414,1.298,1.647,3.912,0,0,2.684,0.414,9,0,0,18.326,8.535,20.914,0.244
73.16,4.573,7.655,15.52,8.813,68.8,25,6.3,0,0,29.312,12,0.598,2.366,2.121,-99,0.665,3.038,5.511,6.506,14.886,0.646,0.414,9,0,0,0,0,23.723,0.64
208.37,6.314,18.012,32.923,20.489,60.6,24.2,0,12.1,0,218.443,200,1.826,4.387,3.046,-99,0.282,8.33,19.031,23.391,22.186,4.148,0.171,12.641,0,0,0,0,48.255,0.063
72.12,5.548,6.822,12.862,7.5,61.5,30.8,0,7.7,0,63.736,0,0.692,1.319,-99,2.17,0.588,3.794,6.131,5.468,5.059,0.779,0,4,0.469,0,0,0,20.553,0.166
118.97,29.743,4.084,4.935,4.579,0,0,0,25,0,121.003,6,0.457,2.709,1.932,1.57,1.358,1.323,1.313,0,0,1.279,0.182,4,0,0,9.086,9.025,21.438,0.101
163.38,20.423,6.966,9.393,7.006,12.5,25,0,25,0,194.495,28,1.049,3.084,2.454,2.61,0.549,3.957,9.11,4.492,23.034,3.142,0.471,11.074,8.47,7.854,9.625,14.398,28.158,0.991
117.16,29.29,-99,4.626,5.437,0,0,0,0,0,88.977,6,0.429,2.227,1.932,1.414,1.394,1.076,0.789,0,0,0.21,0.182,4,0,0,0,14.417,18.409,1.86
119.37,23.874,4.536,5.738,5.097,20,20,0,0,0,90.61,6,0.429,2.227,1.932,1.423,0.937,1.888,8.292,0,0,0.423,0.182,4,4.079,0,0,14.417,21.367,3.301
101.22,4.601,10.709,21.287,12.335,68.2,27.3,4.5,0,0,43.645,33,0.832,1.62,2.449,-99,0.36,5.564,7.837,8.214,4.688,1.182,0.068,6.464,0.156,0,0,0,34.232,2.519
114.03,14.254,5.633,9.96,4.244,12.5,25,0,25,0,374.219,28,2.423,0.803,2.454,2.599,0.302,7.694,0.971,0.711,47.644,5.038,0.471,11.074,11.087,7.125,8.896,0,13.654,0.134
70.02,14.004,3.204,6.305,2.335,20,20,0,0,0,270.333,6,0.569,0.247,1.932,-99,0.265,7.18,1.869,0,0,1.788,0.182,4,8.85,0,0,0,6.863,1.243
103.93,6.496,-99,16.287,9.511,56.3,18.8,0,18.8,0,153.574,33,0.779,0.996,2.449,-99,0.326,6.802,7.504,3.657,5.627,2.932,0.068,6.464,0,0,0,0,21.947,1.876
59.13,4.548,6.129,12.636,7.051,69.2,23.1,7.7,0,0,31.645,6,0.4,1.342,1.932,-99,0.518,3.757,4.028,3.295,3.834,1.199,0.182,4,0.156,0,0,0,19.988,0.12
105.16,5.842,9.085,18.174,9.722,61.1,22.2,5.6,11.1,0,100.632,28,0.852,1.197,2.514,2.341,0.277,7.232,7.414,8.377,32,2.31,0,3.414,0.001,16.298,0,0,27.278,0.84
106.14,6.244,8.778,17.4,9.171,58.8,23.5,0,17.6,0,130.035,28,0.844,1.06,2.514,2.322,0.234,8.389,7.474,8.147,44.215,2.415,0,3.414,0.469,16.173,0,0,25.597,0.84
74.14,4.943,7.349,14.745,8.262,66.7,26.7,0,6.7,0,48.15,11,0.592,1.257,2.131,2.088,0.517,3.784,5.333,5.802,18.673,0.711,0.144,4.842,0,8.361,0,0,21.952,0.64
44.06,6.294,3.768,7.095,3.977,57.1,28.6,0,14.3,0,57.736,2,0.258,0.236,1.707,1.669,0.88,1.905,2.158,1.647,20.571,1.131,0,1,2.72,0,8.806,0,11.718,0.101
60.06,7.508,4.483,8.422,4.432,50,25,0,25,0,97.885,6,0.431,0.519,1.932,1.744,0.578,3.308,2.72,2.881,45.125,1.803,0.182,4,6.849,7.417,9,0,12.644,0.149
58.09,5.809,5.295,9.978,5.739,60,30,0,10,0,65.736,6,0.426,0.908,1.932,1.414,0.783,2.39,3.339,3.272,27.387,1.412,0.182,4,6.279,0,9.444,0,16.195,0.041
142.052,20.293,8.808,6.793,30.284,0,0,0,57.1,0,210.222,29,1.362,6.399,2.425,2.375,0.707,3.199,1.067,0.461,37.087,-4.476,0.353,9.945,0,0,19.049,0,-99,5.755
76.53,8.503,5.408,8.975,6.142,55.6,33.3,0,0,0,44.203,4,0.403,0.752,1.946,1.964,0.81,2.038,5.412,4.341,9.115,1.118,0,2,1.262,0,0,5.068,20.475,2.795
128.19,6.104,11.59,20.956,12.477,57.1,33.3,0,9.5,0,137.471,58,1.134,1.725,2.739,2.704,0.248,7.8,8.366,9.334,27.543,4.341,0.106,5.891,4.825,0,10.346,0,36.009,2.621
80.06,8.896,4.714,10.069,4.136,44.4,0,22.2,33.3,0,172.998,12,0.723,0.771,2.121,1.774,0.283,7.538,5.51,4.661,99.667,2.951,0.414,9,2.064,0,8.931,0,-99,35.415
153.81,30.762,5.364,6.062,5.954,0,20,0,0,0,124.814,12,0.631,3.857,2.121,1.44,0.921,2.142,0.914,0,0,0.549,0.414,9,7.299,0,0,19.306,26.849,4.957
86.47,17.294,3.648,6.116,3.256,20,20,0,0,0,210.426,6,0.497,0.577,1.932,1.414,0.35,5.59,2.885,0,0,1.397,0.182,4,8.937,0,0,3.941,11.698,1.86
209.953,20.995,-99,9.96,46,0,0,0,0,0,526.846,80,1.203,46.635,2.966,2.863,0.053,41.462,0.276,0.248,12.692,-15.065,0,3.742,0,0,0,0,-99,1.86
84.93,16.986,3.709,5.415,4.239,40,20,0,0,0,58.407,2,0.262,0.909,1.707,1.392,0.973,1.487,12.313,0,0,0.311,0,1,2.262,0,0,9.528,16.438,1.86
74.14,4.943,7.349,14.745,8.262,66.7,26.7,0,6.7,0,57.736,10,0.537,0.781,2.155,1.914,0.318,5.64,5.42,4.559,6.671,0.888,0,2.732,0.469,0,0,0,22.509,0.64
147.43,13.403,7.59,11.506,8.619,45.5,27.3,0,0,0,102.61,20,0.776,3.485,2.285,2.272,0.699,2.899,15.858,18.751,21.146,0.462,0.353,9.823,4.079,0,0,15.745,30.893,6.781
92.11,6.579,7.252,14.516,7.409,57.1,21.4,0,21.4,0,116.449,20,0.782,1.019,2.301,1.977,0.37,5.708,5.759,7.735,80.194,2.188,0.106,5.653,0,24.016,0,0,20.516,1.876
138.02,17.253,5.88,10.727,3.909,0,25,0,0,0,554.667,36,-99,0.996,2.603,2.816,0.243,9.809,0.508,0.191,25.629,5.914,0.664,13.817,9.543,0,0,0,12.869,4.957
151.911,18.989,6.294,9.967,17.779,0,0,0,0,0,535.632,44,-99,3.382,2.556,2.264,0.486,5.074,1.001,0.005,48.462,5.473,0.877,25.854,0,0,0,0,-99,1.86
98.06,10.896,6.671,9.866,6.125,22.2,44.4,0,33.3,0,193.207,12,1.026,1.073,2.427,2.269,0.483,5.106,0.85,2.387,45.572,4.644,0.212,7.093,5.963,0,19.847,0,21.552,0.252
50.49,10.098,2.881,5.091,3.381,60,20,0,0,0,28.203,0,0.119,0,1.414,1.318,1.113,0.813,6.51,0,0,0.203,-99,0,0,0,0,4.639,11.312,0.713
58.14,4.153,6.634,13.418,7.807,71.4,28.6,0,0,0,10,4,0.423,1,1.946,1.848,0.658,2.581,3.801,3.236,2.393,0,0,2,0,0,0,0,20.206,7.447
142.28,5.081,14.257,27.272,16.103,64.3,28.6,7.1,0,30.514,72.666,64,1.419,3.075,2.937,2.955,0.385,6.253,12.237,15.241,8.52,2.329,0.119,8.924,0.003,0,0,0,43.5,1.002
108.16,6.76,9.623,15.854,10.296,50,37.5,12.5,0,22.133,88.624,12,1.111,1.667,2.742,2.494,0.669,3.696,5.172,6.592,12.939,5.494,0.212,6.623,0,0,0,0,35.459,0.798
136.17,6.484,11.02,21.611,11.386,57.1,23.8,0,19,0,164.599,68,1.32,2.132,2.679,-99,0.352,6.673,8.965,11.908,53.097,3.9,0.171,12.325,0,33.986,0,0,31.728,1.729
72.17,4.245,8.161,16.302,9.568,70.6,29.4,0,0,0,14,10,0.567,1.354,2.155,1.946,0.548,3.315,5.042,4.726,2.574,0,0,2.732,0,0,0,0,24.807,9.85
142.28,5.081,14.257,27.272,16.103,64.3,28.6,7.1,0,30.514,72.666,64,1.419,3.075,2.937,2.955,0.385,6.253,12.237,15.241,8.52,2.329,0.119,8.924,0.003,0,0,0,43.5,1.002
142.28,5.081,14.257,27.272,16.103,64.3,28.6,7.1,0,30.514,72.666,64,1.419,3.075,2.937,2.955,0.385,6.253,12.237,15.241,8.52,2.329,0.119,8.924,0.003,0,0,0,43.5,1.002
108.16,6.76,9.623,15.854,10.296,50,37.5,12.5,0,22.133,88.624,12,1.111,1.667,2.742,2.494,0.669,3.696,5.172,6.592,12.939,5.494,0.212,6.623,0,0,0,0,35.459,0.798
169.89,33.978,6.248,5.84,8.011,0,0,0,0,0,116.314,12,0.742,11.571,2.121,-99,2.129,0.749,0.09,0,0,-0.377,0.414,9,0,0,0,19.861,24.545,3.301
98.09,14.013,4.573,8.269,4.227,28.6,0,0,57.1,0,180.631,12,1.199,1.344,2.121,1.414,0.8,2.839,3.42,1.075,47.635,3.407,0.414,9,9.211,14.097,17.486,0,13.771,5.755
165.82,27.637,6.364,7.062,6.954,0,33.3,0,0,0,140.814,16,0.716,2.42,2.309,2.449,0.856,2.405,4.232,1.693,2.656,1.351,0.271,6.745,2.901,0,0,19.975,30.945,6.047
102.04,12.755,5.114,9.702,4.034,25,25,0,0,0,368.444,20,1.534,0.749,2.285,2.322,0.269,8.366,3.035,3.862,108.255,3.252,0.353,9.823,8.85,0,0,0,12.019,3.301
92.15,6.143,9.107,14.534,10.046,53.3,46.7,0,0,18.267,62,14,0.947,1.655,2.594,2.214,0.863,2.513,5.171,5.682,6.296,3.841,0.106,6.124,0,0,0,0,31.099,6.802
131.38,21.897,5.536,6.738,6.097,16.7,33.3,0,0,0,106.61,11,0.547,1.625,2.131,2.201,0.911,2.136,7.455,6.472,7.951,1.213,0.144,4.842,2.262,0,0,14.824,25.262,4.332
147.43,13.403,7.59,11.506,8.619,45.5,27.3,0,0,0,102.61,20,0.776,3.485,2.285,2.272,0.699,2.899,15.858,18.751,21.146,0.462,0.353,9.823,4.079,0,0,15.745,30.893,6.781
265.47,14.748,15.207,19.604,15.221,16.7,50,0,16.7,51.143,347.817,168,2.345,3.65,3.497,-99,0.432,5.56,3.978,6.098,66.034,13.465,0.586,9.347,7.073,0,32.555,15.626,57.909,3.789
106.18,5.899,10.634,17.418,11.807,55.6,44.4,0,0,22.133,70,24,1.094,2.084,2.722,2.564,0.784,2.889,6.483,7.125,6.866,4.265,0.195,7.95,0,0,0,0,36.14,8.653
42.09,4.677,4.58,8.651,5.284,66.7,33.3,0,0,0,14,2,0.261,0.408,1.707,1.627,1.094,1.371,2.051,1.398,3.556,0.837,0,1,0,0,0,0,15.649,1.486
